Review,Sentiment
"Extremely pleased with this purchase, works like a charm.",positive
"Waste of money, do not recommend this product at all. Very disappointed.",negative
"Top notch material, worth every single penny.",positive
"It is acceptable, nothing to write home about. It is alright.",neutral
"Disaster. Terrible fit, the sizes are completely off and tight.",negative
"Horrible quality, it broke on the first use. Very disappointed.",negative
"Absolutely loved the quality of these shoes, they are amazing.",positive
"Just ok. Average customer service, they resolved it but took time.",neutral
Excellent customer service and very fast shipping.,positive
Excellent customer service and very fast shipping. Highly recommend!,positive
"Defective item, did not turn on at all. Very disappointed.",negative
Wow! Excellent customer service and very fast shipping.,positive
"Disaster. Not worth the price, extremely low quality material.",negative
Five stars! Very happy with this clothing item. Highly recommend!,positive
"It works as expected, nothing more, nothing less. It is alright.",neutral
The material is incredibly soft and comfortable.,positive
"Wow! Absolutely loved the quality of these shoes, they are amazing.",positive
"Standard product, does the job but lacks premium feel. It is alright.",neutral
"Defective item, did not turn on at all.",negative
"Disaster. The product look nothing like the pictures, very bad.",negative
"Exceeded my expectations, will definitely buy again.",positive
"Avoid this product, it is completely useless and slow. Very disappointed.",negative
"Average product, price is a bit high for this quality.",neutral
"Disaster. Avoid this product, it is completely useless and slow.",negative
"Waste of money, do not recommend this product at all.",negative
"Just ok. Standard product, does the job but lacks premium feel.",neutral
"Disaster. Very bad quality, started falling apart after a week.",negative
"Outstanding performance, absolutely love it! Highly recommend!",positive
"Standard packaging, normal delivery speed.",neutral
"Just ok. It fits okay, but the comfort is just average.",neutral
"Absolutely loved the quality of these shoes, they are amazing.",positive
"Disaster. Did not work out of the box, returning it immediately.",negative
"Wow! Perfect size, fits like a glove and feels premium.",positive
"It works fine, but design could be improved.",neutral
"Awesome customer support, resolved my query in minutes. Highly recommend!",positive
"Average quality, nothing special but works fine. It is alright.",neutral
"Defective item, did not turn on at all.",negative
"Disaster. Poor customer service, took forever to get a refund.",negative
Five stars! Very happy with this clothing item. Highly recommend!,positive
"Just ok. Fair product, pricing matches the average quality.",neutral
"Awesome customer support, resolved my query in minutes.",positive
"Decent clothing, fabric is fine but color is slightly different.",neutral
"Waste of money, do not recommend this product at all.",negative
"Just ok. Mediocre material, but functional enough for daily use.",neutral
"Worst customer service ever, very disappointed with the response. Very disappointed.",negative
"Very comfortable shoes, looks beautiful too.",positive
"Perfect size, fits like a glove and feels premium. Highly recommend!",positive
"Disaster. Did not work out of the box, returning it immediately.",negative
"Outstanding performance, absolutely love it! Highly recommend!",positive
"Just ok. Mediocre material, but functional enough for daily use.",neutral
"Wow! Super useful product, works exactly as described.",positive
Sizing was incorrect and the fabric feels very rough.,negative
"Decent shoes, but sizing runs a bit small.",neutral
"Disaster. It broke within two days of normal usage, terrible.",negative
"Very uncomfortable to wear, caused blisters. Very disappointed.",negative
"Just ok. Fair product, pricing matches the average quality.",neutral
Wow! The material is incredibly soft and comfortable.,positive
"Just ok. Average quality, nothing special but works fine.",neutral
"Wow! Exceeded my expectations, will definitely buy again.",positive
Amazing fit and very comfortable to wear all day.,positive
"Standard product, does the job but lacks premium feel.",neutral
"Wow! Really good value for money, highly satisfied.",positive
Wow! Five stars! Very happy with this clothing item.,positive
"Very uncomfortable to wear, caused blisters.",negative
"Perfect size, fits like a glove and feels premium.",positive
"Wow! Great product, highly recommend!",positive
"Great item, shipping was incredibly fast. Highly recommend!",positive
"Defective item, did not turn on at all. Very disappointed.",negative
"Fair product, pricing matches the average quality. It is alright.",neutral
"Best purchase I have made this year, totally worth it.",positive
"Wow! High quality product, durable and well made.",positive
Beautiful design and fantastic build quality.,positive
"Worst customer service ever, very disappointed with the response.",negative
"Fair product, pricing matches the average quality.",neutral
"Extremely pleased with this purchase, works like a charm.",positive
"Exceeded my expectations, will definitely buy again.",positive
"The quality is decent, but delivery took a week. It is alright.",neutral
"The product look nothing like the pictures, very bad. Very disappointed.",negative
"Super useful product, works exactly as described. Highly recommend!",positive
"Avoid this product, it is completely useless and slow.",negative
Sizing was incorrect and the fabric feels very rough. Very disappointed.,negative
"Great item, shipping was incredibly fast.",positive
Disaster. Sizing was incorrect and the fabric feels very rough.,negative
"Wow! Exceeded my expectations, will definitely buy again.",positive
Amazing fit and very comfortable to wear all day.,positive
"Disaster. Very uncomfortable to wear, caused blisters.",negative
"Avoid this product, it is completely useless and slow.",negative
"Wow! Exceeded my expectations, will definitely buy again.",positive
"Very comfortable shoes, looks beautiful too. Highly recommend!",positive
"Very bad quality, started falling apart after a week. Very disappointed.",negative
"Very comfortable shoes, looks beautiful too. Highly recommend!",positive
"Really good value for money, highly satisfied. Highly recommend!",positive
"It is okay, not great but gets the job done. It is alright.",neutral
"Just ok. Satisfactory, but I expected slightly better material.",neutral
"Wow! Super useful product, works exactly as described.",positive
"Just ok. Average quality, nothing special but works fine.",neutral
"Very uncomfortable to wear, caused blisters.",negative
Wow! The material is incredibly soft and comfortable.,positive
"Perfect size, fits like a glove and feels premium.",positive
"Awful quality, fabric ripped in the first wash.",negative
"Top notch material, worth every single penny.",positive
"Disaster. Waste of money, do not recommend this product at all.",negative
"Wow! Extremely pleased with this purchase, works like a charm.",positive
"Wow! Best purchase I have made this year, totally worth it.",positive
Do not buy! Terrible quality and overpriced.,negative
"Best purchase I have made this year, totally worth it. Highly recommend!",positive
"Not worth the price, extremely low quality material.",negative
"Wow! Perfect size, fits like a glove and feels premium.",positive
"The product look nothing like the pictures, very bad. Very disappointed.",negative
Cheap plastic material and very poor design.,negative
"Top notch material, worth every single penny. Highly recommend!",positive
Do not buy! Terrible quality and overpriced.,negative
"Outstanding performance, absolutely love it!",positive
"Wow! Outstanding performance, absolutely love it!",positive
"It works fine, but design could be improved.",neutral
"Wow! Awesome customer support, resolved my query in minutes.",positive
"It works as expected, nothing more, nothing less. It is alright.",neutral
"Extremely disappointed with this item, useless. Very disappointed.",negative
"Just an ordinary product, does what it says on the box.",neutral
"Awful quality, fabric ripped in the first wash.",negative
"Decent clothing, fabric is fine but color is slightly different. It is alright.",neutral
"Not too bad, but not excellent either.",neutral
"Not worth the price, extremely low quality material.",negative
"Disaster. Awful customer experience, package arrived damaged and open.",negative
"The product look nothing like the pictures, very bad. Very disappointed.",negative
"Terrible fit, the sizes are completely off and tight. Very disappointed.",negative
"Did not work out of the box, returning it immediately.",negative
"Wow! Super useful product, works exactly as described.",positive
Cheap plastic material and very poor design. Very disappointed.,negative
"Wow! Perfect size, fits like a glove and feels premium.",positive
Disaster. Cheap plastic material and very poor design.,negative
"Best purchase I have made this year, totally worth it. Highly recommend!",positive
Cheap plastic material and very poor design.,negative
"Mediocre material, but functional enough for daily use. It is alright.",neutral
"It works fine, but design could be improved.",neutral
"Disaster. Defective item, did not turn on at all.",negative
"It fits okay, but the comfort is just average.",neutral
"Disaster. Completely unsatisfied, cheap material and bad delivery.",negative
"Not too bad, but not excellent either. It is alright.",neutral
"Satisfactory, but I expected slightly better material. It is alright.",neutral
"Exceeded my expectations, will definitely buy again. Highly recommend!",positive
"Mediocre material, but functional enough for daily use. It is alright.",neutral
Five stars! Very happy with this clothing item.,positive
Five stars! Very happy with this clothing item. Highly recommend!,positive
"Just ok. It is acceptable, nothing to write home about.",neutral
"Great product, highly recommend! Highly recommend!",positive
"Just ok. Decent shoes, but sizing runs a bit small.",neutral
"Very uncomfortable to wear, caused blisters. Very disappointed.",negative
"Terrible fit, the sizes are completely off and tight. Very disappointed.",negative
"Wow! Outstanding performance, absolutely love it!",positive
"Just ok. Average product, price is a bit high for this quality.",neutral
"Poor customer service, took forever to get a refund.",negative
"Standard packaging, normal delivery speed.",neutral
"Wow! Best purchase I have made this year, totally worth it.",positive
"Okay for the price, but could be much better.",neutral
"Best purchase I have made this year, totally worth it.",positive
"Disaster. Worst customer service ever, very disappointed with the response.",negative
"It broke within two days of normal usage, terrible. Very disappointed.",negative
"Not too bad, but not excellent either.",neutral
"Wow! Outstanding performance, absolutely love it!",positive
"Exceeded my expectations, will definitely buy again. Highly recommend!",positive
"Great product, highly recommend! Highly recommend!",positive
Sizing was incorrect and the fabric feels very rough. Very disappointed.,negative
"Avoid this product, it is completely useless and slow.",negative
"Just ok. Mediocre material, but functional enough for daily use.",neutral
"Wow! Great item, shipping was incredibly fast.",positive
"Decent shoes, but sizing runs a bit small. It is alright.",neutral
Wow! Excellent customer service and very fast shipping.,positive
"Completely unsatisfied, cheap material and bad delivery. Very disappointed.",negative
"Disaster. Poor customer service, took forever to get a refund.",negative
"Disaster. Extremely disappointed with this item, useless.",negative
"Disaster. Awful customer experience, package arrived damaged and open.",negative
Cheap plastic material and very poor design. Very disappointed.,negative
"Decent shoes, but sizing runs a bit small. It is alright.",neutral
"Just ok. So-so experience, neither good nor bad.",neutral
"Extremely pleased with this purchase, works like a charm. Highly recommend!",positive
Excellent customer service and very fast shipping. Highly recommend!,positive
"Awful quality, fabric ripped in the first wash. Very disappointed.",negative
"Fair product, pricing matches the average quality. It is alright.",neutral
"Awesome customer support, resolved my query in minutes.",positive
"The product look nothing like the pictures, very bad.",negative
"Disaster. Awful customer experience, package arrived damaged and open.",negative
"Completely unsatisfied, cheap material and bad delivery. Very disappointed.",negative
"Top notch material, worth every single penny. Highly recommend!",positive
"Disaster. Horrible quality, it broke on the first use.",negative
"Top notch material, worth every single penny. Highly recommend!",positive
"It broke within two days of normal usage, terrible.",negative
"Okay for the price, but could be much better. It is alright.",neutral
Excellent customer service and very fast shipping.,positive
Five stars! Very happy with this clothing item. Highly recommend!,positive
"Avoid this product, it is completely useless and slow. Very disappointed.",negative
"Just ok. Average quality, nothing special but works fine.",neutral
"Disaster. Not worth the price, extremely low quality material.",negative
Excellent customer service and very fast shipping.,positive
"Very comfortable shoes, looks beautiful too.",positive
Wow! Beautiful design and fantastic build quality.,positive
Five stars! Very happy with this clothing item. Highly recommend!,positive
"Mediocre material, but functional enough for daily use.",neutral
"Just ok. Just an ordinary product, does what it says on the box.",neutral
"Great product, highly recommend! Highly recommend!",positive
